{
 "acc_macro": [
  0.2039803613737847
 ],
 "prec_macro": [
  0.36609344169905855
 ],
 "rec_macro": [
  0.3127380906527326
 ],
 "f1_macro": [
  0.33731893260997825
 ],
 "acc_micro": [
  0.22918483730291847
 ],
 "prec_micro": [
  0.3779597256030095
 ],
 "rec_micro": [
  0.36798448777334913
 ],
 "f1_micro": [
  0.37290540909339004
 ],
 "rec_at_5": [
  0.3318383393298909
 ],
 "prec_at_5": [
  0.3688493324856961
 ],
 "f1_at_5": [
  0.34936635787479936
 ],
 "auc_macro": [
  0.7205217937102627
 ],
 "auc_micro": [
  0.7697633460837681
 ],
 "loss_dev": [
  0.39268360926976303
 ],
 "acc_macro_te": [
  0.19390520660717242
 ],
 "prec_macro_te": [
  0.335613147122262
 ],
 "rec_macro_te": [
  0.30282573720742517
 ],
 "f1_macro_te": [
  0.3183775336632552
 ],
 "acc_micro_te": [
  0.22633303544831695
 ],
 "prec_micro_te": [
  0.3758781042841595
 ],
 "rec_micro_te": [
  0.36260379879736565
 ],
 "f1_micro_te": [
  0.36912164788185
 ],
 "rec_at_5_te": [
  0.319883117030397
 ],
 "prec_at_5_te": [
  0.3702718334297282
 ],
 "f1_at_5_te": [
  0.34323801675868637
 ],
 "auc_macro_te": [
  0.7152456034550646
 ],
 "auc_micro_te": [
  0.7665207687120817
 ],
 "loss_test_te": [
  0.4029178944297303
 ],
 "loss_tr": [
  NaN
 ]
}