{
 "acc_macro": [
  0.001556834138988798,
  0.044559045429750546,
  0.11352396883488737,
  0.15595640895508286,
  0.18321964263761775,
  0.21245384901167724,
  0.25761108412290734,
  0.28565673205882197,
  0.3058319869791657,
  0.32228106031144277,
  0.3339720797340555,
  0.3450545222648806,
  0.3554604203100799,
  0.3658711559897043,
  0.37473386083991833,
  0.3816167192236381,
  0.3884608573387721,
  0.3936558422857235,
  0.4003691369197982,
  0.405170956043307,
  0.4116115141637304,
  0.41453230882643644,
  0.41695681001418644,
  0.42025555034440953,
  0.42481026208357614,
  0.4252892073218333,
  0.42779899169072494,
  0.4274696287391462,
  0.4285165586410398,
  0.4282328249608975,
  0.42695595710495576,
  0.42635957554371,
  0.4261498326322012,
  0.4262627747283452,
  0.42547288617887236,
  0.42584716044922205,
  0.42601467004843907,
  0.426161525532849,
  0.4258174916895796,
  0.4273727686584483,
  0.4253099525595321,
  0.4225486006558322,
  0.4231129114568266,
  0.4232039711006586,
  0.4262627747283452
 ],
 "prec_macro": [
  0.036333333333333336,
  0.09453874900803128,
  0.2251463571572724,
  0.28942597014243576,
  0.35554053402734204,
  0.42211112770921483,
  0.4773628834552875,
  0.5009634146730272,
  0.5155821252386817,
  0.5365103879264811,
  0.5580715544784549,
  0.569295317157329,
  0.5780131459079394,
  0.5866940915390747,
  0.5912449005101866,
  0.6066716583860225,
  0.6125035880164679,
  0.633089554337971,
  0.650167594606061,
  0.637445070962109,
  0.6419259787852934,
  0.6385020078407252,
  0.6388441388673212,
  0.6459074803424869,
  0.6454741931902435,
  0.64915529187554,
  0.6433014485169177,
  0.6442373277347099,
  0.6419910739340814,
  0.6390244060340735,
  0.640462359802467,
  0.6486830602043164,
  0.6492312630691491,
  0.6488251433103287,
  0.6473838669751538,
  0.6472597714058625,
  0.6473871132070026,
  0.644211878823298,
  0.6411404600507019,
  0.6370396326877417,
  0.6411309760616184,
  0.6403358914080204,
  0.6377230641126431,
  0.6368518911757102,
  0.6488251433103287
 ],
 "rec_macro": [
  0.001626349731514948,
  0.05763878369550122,
  0.14113521374766821,
  0.19695949790278333,
  0.2283970836389461,
  0.2637066283806738,
  0.3160396487780606,
  0.3509050411531557,
  0.3771930413359767,
  0.39657047170324683,
  0.4123615684475134,
  0.42588347236524987,
  0.4368264741678084,
  0.44919112258202587,
  0.4598276126938612,
  0.4676797750578363,
  0.476185580684217,
  0.48413386656546104,
  0.49113418618855187,
  0.49615580687124733,
  0.5045788951625166,
  0.5089547441395852,
  0.5120474292317911,
  0.5166043671556827,
  0.5223988097514191,
  0.5234524969035784,
  0.5290150548614548,
  0.5261951902043678,
  0.5284303271819996,
  0.528944068191977,
  0.5255312996844859,
  0.5255676997520231,
  0.5264273787804638,
  0.5280207430744978,
  0.5252792623721623,
  0.5272554379896919,
  0.5275564008711626,
  0.5286940855335999,
  0.5298455188655489,
  0.5336872418724852,
  0.5275853789221937,
  0.5235311834642825,
  0.5264183943008814,
  0.5265732615519886,
  0.5280207430744978
 ],
 "f1_macro": [
  0.003113340372771943,
  0.07161501974845338,
  0.173506295516829,
  0.2344033590821852,
  0.27812704176111336,
  0.324615399066954,
  0.3803002685212509,
  0.41271768297036865,
  0.4356617369261959,
  0.4560466017878176,
  0.47427742535583955,
  0.4872560971452229,
  0.49759871324448707,
  0.5088165638396106,
  0.5173205991093015,
  0.528184830206709,
  0.5358101928742091,
  0.5486818269097834,
  0.5595707250026282,
  0.5579954633129667,
  0.5650255982537494,
  0.5664154670271424,
  0.5684610228348436,
  0.574064902377655,
  0.5774513999356216,
  0.5795662653140203,
  0.5805874950986532,
  0.579263781565174,
  0.5797015552234657,
  0.5787967337484932,
  0.5773324985216175,
  0.5806713104999174,
  0.5814155569887617,
  0.5822225972995582,
  0.5799744387045184,
  0.5811269731301917,
  0.5813610804632044,
  0.5807643929087037,
  0.5802040431528629,
  0.580801435279757,
  0.578842466782986,
  0.5760723269541388,
  0.5767497566426598,
  0.5764860363826684,
  0.5822225972995582
 ],
 "acc_micro": [
  0.0033293953388465257,
  0.1042987321711569,
  0.19751092532775982,
  0.25633438135749953,
  0.28566193311956023,
  0.30927741466957154,
  0.3423618634886241,
  0.36209220814235643,
  0.37693616259289103,
  0.38823213326168726,
  0.3978427527188447,
  0.4059326563335115,
  0.4148366363149438,
  0.423207277916518,
  0.4319257209177752,
  0.43833660538996966,
  0.4448309695834448,
  0.4492663405958204,
  0.45431088175104545,
  0.45797385039580185,
  0.4624922504649721,
  0.4643330681516839,
  0.4658478395334453,
  0.4677305589843061,
  0.47105981851819223,
  0.47090365682137836,
  0.47143731956959145,
  0.47043340937006495,
  0.4707067168753831,
  0.4701720674294698,
  0.4681260945709282,
  0.4673248296348069,
  0.4677081515098621,
  0.46742529534398886,
  0.46477401375947053,
  0.46525364836692146,
  0.46443442054129075,
  0.4633071138387069,
  0.4620089593383873,
  0.4619807758324751,
  0.46037084950409657,
  0.45713791911510543,
  0.4581361328629206,
  0.4579246257098606,
  0.46742529534398886
 ],
 "prec_micro": [
  0.5254237288135594,
  0.5643086816720257,
  0.6258278145695364,
  0.6442017197304206,
  0.6564210526315789,
  0.66284046692607,
  0.6789615040286482,
  0.6860207730291163,
  0.6906167979002624,
  0.6971695078803474,
  0.6975617380431385,
  0.701076923076923,
  0.707736826073713,
  0.7109679352712017,
  0.7161042036708112,
  0.7186539868324798,
  0.7211858279103398,
  0.72027373823781,
  0.7230246389124894,
  0.7242931495287663,
  0.722268326417704,
  0.7212687079500206,
  0.7215986860114973,
  0.7203965236284627,
  0.7211058664868509,
  0.7190604026845637,
  0.7150059705453098,
  0.7171325397886853,
  0.7156170949274397,
  0.713074579414492,
  0.7144193505278632,
  0.7120607028753994,
  0.711308733740377,
  0.707095926412615,
  0.7081066737428685,
  0.7061305207646671,
  0.7045663903145151,
  0.701020141250327,
  0.6975806451612904,
  0.6944014447884417,
  0.6977777777777778,
  0.6979812640189998,
  0.6948577394936049,
  0.6946873776269417,
  0.707095926412615
 ],
 "rec_micro": [
  0.003339437681783906,
  0.11343315738446623,
  0.22395777227189487,
  0.29861036302919314,
  0.335882796509749,
  0.36701497360766994,
  0.40848863513950234,
  0.4340191748357212,
  0.45351718194549173,
  0.466982656468814,
  0.4807713023806959,
  0.4908973392222342,
  0.5005924808790262,
  0.5111494129053108,
  0.5211677259506625,
  0.5291392868684692,
  0.5372185715824626,
  0.5442206183345901,
  0.5500377033286653,
  0.5546698265646881,
  0.5625336636863083,
  0.5658731013680922,
  0.5679198534956372,
  0.5714747387697943,
  0.5759991382096306,
  0.5770763761714963,
  0.5805235376494667,
  0.5776149951524292,
  0.5790154045028547,
  0.5798771948723473,
  0.5758914144134439,
  0.5762145858020037,
  0.5772918237638694,
  0.5796617472799741,
  0.5749219002477647,
  0.5769686523753097,
  0.5767532047829366,
  0.5773995475600561,
  0.5777227189486157,
  0.5798771948723473,
  0.5750296240439513,
  0.5698588818269956,
  0.5735214908973392,
  0.573306043304966,
  0.5796617472799741
 ],