{
 "acc_macro": [
  0.24074672330995756,
  0.2996205130148279,
  0.3297975668027668,
  0.34921844867158996,
  0.3601511031826871,
  0.36352311768387024,
  0.3690021369906238,
  0.3739827001967609,
  0.3704717506019892,
  0.3706841758800918,
  0.3732624036431496,
  0.37331784278419844,
  0.37339496382565945,
  0.37138780593683185,
  0.3688646434350968,
  0.36766222271086946,
  0.3566534288632356,
  0.35965354132779576,
  0.3552135877258097,
  0.3592097028432491,
  0.3706841758800918
 ],
 "prec_macro": [
  0.4401921174083869,
  0.4630323737021451,
  0.4762259932043004,
  0.4877321432586411,
  0.49660248400441603,
  0.5004859589542431,
  0.5023965601304053,
  0.4978669145397129,
  0.4971975713382622,
  0.4978485231950366,
  0.49519803422952086,
  0.4984054989384527,
  0.49924310762679514,
  0.4849132946337522,
  0.49795540020104717,
  0.5089105832875457,
  0.50843735139217,
  0.5152274043314834,
  0.5130262158623115,
  0.5412708335553423,
  0.4978485231950366
 ],
 "rec_macro": [
  0.37466146475088363,
  0.4811973289607881,
  0.5265585303776542,
  0.5547998128774907,
  0.5684886486075578,
  0.5785663819231021,
  0.5908907085065866,
  0.6045949378699826,
  0.5992116711300401,
  0.6071833763767589,
  0.606966661935615,
  0.603632842714136,
  0.6023787180032548,
  0.6176159860419063,
  0.5986540273702409,
  0.5778468935113558,
  0.572966112141506,
  0.5705407310504351,
  0.555146579817047,
  0.5505741425785009,
  0.6071833763767589
 ],
 "f1_macro": [
  0.404791798406265,
  0.47194012393271084,
  0.5001290969541,
  0.5191086953672199,
  0.5301196609054428,
  0.5367012136594496,
  0.5430621354199546,
  0.5460648195776256,
  0.543458730670105,
  0.5471070063314594,
  0.5454152158550665,
  0.5459953919523753,
  0.5459830518012686,
  0.5432784559273001,
  0.5436812748205886,
  0.5411923191804768,
  0.5387764739401992,
  0.5414751277833421,
  0.5332559493079174,
  0.5458828526055365,
  0.5471070063314594
 ],
 "acc_micro": [
  0.2961614322561068,
  0.34567294183759484,
  0.36990115550605596,
  0.3823590025417325,
  0.38864448721473743,
  0.3877703713780438,
  0.3906133766145939,
  0.39377264796671585,
  0.38937520882058135,
  0.3864843335103558,
  0.3932898415657036,
  0.38884861266723786,
  0.3861392611964694,
  0.3894548017169582,
  0.376682769726248,
  0.3730495527844878,
  0.3713147922152996,
  0.3768220145107523,
  0.37807005771037444,
  0.3693615890520162,
  0.3864843335103558
 ],
 "prec_micro": [
  0.500320389593746,
  0.4983795827425562,
  0.5111089737424257,
  0.5134686346863468,
  0.5178129865372287,
  0.5126798561151079,
  0.5120567375886524,
  0.5108383389919039,
  0.5062994178469025,
  0.5017667844522968,
  0.5072550871469048,
  0.5004240882103478,
  0.49555294512502096,
  0.4900443369609029,
  0.4837055417700579,
  0.4863806605379639,
  0.4790751636695119,
  0.4893472540531364,
  0.5006664889362836,
  0.4907325684024713,
  0.5017667844522968
 ],
 "rec_micro": [
  0.420553700312399,
  0.5301088010341485,
  0.5724442529354734,
  0.599590649574491,
  0.6090703436389099,
  0.6141333620596789,
  0.6222126467736723,
  0.6321232360228375,
  0.6277065603791878,
  0.6271679413982548,
  0.6364321878703005,
  0.6355703975008079,
  0.6362167402779274,
  0.6548529570182053,
  0.6299687600991059,
  0.6155337714101045,
  0.6227512657546052,
  0.62102768501562,
  0.6069158677151782,
  0.5989443067973715,
  0.6271679413982548
 ],
 "f1_micro": [
  0.45698232471028916,
  0.513754763271911,
  0.5400406504065041,
  0.553197833325051,
  0.5597465597465597,
  0.5588393863647502,
  0.5617857316539414,
  0.5650457390467021,
  0.5605040400153906,
  0.5575026333429091,
  0.5645484949832776,
  0.5599582404024106,
  0.5571435309655205,
  0.5605864994466986,
  0.5472324895896692,
  0.5433883315106273,
  0.5415456674473067,
  0.5473794151158375,
  0.5486949746786132,
  0.5394653859215058,
  0.5575026333429091
 ],
 "rec_at_5": [
  0.42545839640821426,
  0.48201451537411594,
  0.510685154264081,
  0.5284008048485375,
  0.5375367726332094,
  0.5440489702611095,
  0.5481681866737144,
  0.5502519679187088,
  0.5432118100194816,
  0.5376512907121829,
  0.5458546822912896,
  0.5379120298973314,
  0.5395960416823068,
  0.5465543247434942,
  0.5360644849156478,
  0.5289106207043673,
  0.532078298163961,
  0.539089488774208,
  0.5362319947584739,
  0.5224997600083217,
  0.5376512907121829
 ],
 "prec_at_5": [
  0.45594405594405596,
  0.5061665607120153,
  0.5315956770502225,
  0.5485060394151303,
  0.5557533375715195,
  0.5590591226954863,
  0.5637635092180546,
  0.5682136045772409,
  0.5607120152574698,
  0.5577876668785761,
  0.5638906547997458,
  0.5599491417673236,
  0.561347743165925,
  0.5668150031786395,
  0.554354736172918,
  0.54723458359822,
  0.5487603305785125,
  0.5560076287349015,
  0.5547361729179912,
  0.5393515575333757,
  0.5577876668785761
 ],
 "f1_at_5": [
  0.44017401216915397,
  0.4937953890526021,
  0.5209306593467347,
  0.538265745519353,
  0.5464932915242189,
  0.5514519238134649,
  0.5558564823768659,
  0.5590885616963271,
  0.5518231996329407,
  0.547534405203508,
  0.5547261050532221,
  0.5487094129226262,
  0.5502570147328368,
  0.5565003158384998,
  0.5450562139035302,
  0.5379165973599361,
  0.5402905762793145,
  0.5474178747014451,
  0.5453271568904516,
  0.5307919380346524,
  0.547534405203508
 ],
 "auc_macro": [
  0.778933907755216,
  0.8138115584891199,
  0.8303531695214112,
  0.8394876066004984,
  0.8463167585019344,
  0.8504024343377481,
  0.8529578596917999,
  0.8547931705104242,
  0.8547602139061022,
  0.8540876588129297,
  0.8535894183961246,
  0.8528598512208866,
  0.8519693391985238,
  0.8533693254526037,
  0.8513964092676541,
  0.8498958403325441,
  0.8473641889405137,
  0.8478149766239846,
  0.845353979292414,
  0.8457655565500175,
  0.8540876588129297
 ],
 "auc_micro": [
  0.8043036713362088,
  0.8397676294895138,
  0.8567626163395684,
  0.8663443620337897,
  0.8718496875255952,
  0.8742811352173947,
  0.8749178877238761,
  0.8759253180506377,
  0.8736301708476237,
  0.8706650433467421,
  0.87414160380673,
  0.8725408291582293,
  0.8715078441883646,
  0.8750812942573306,
  0.8679356986011952,
  0.8669093463000854,
  0.8602108726504756,
  0.8639593267172512,
  0.8605193002888227,
  0.8562404881826831,
  0.8706650433467421
 ],
 "loss_dev": [
  0.36249787541839323,
  0.35103606170745544,
  0.33573970375777956,
  0.32405821152045633,
  0.3144498140529243,
  0.3103727182800877,
  0.3066601425987175,
  0.30675346110174784,
  0.30992392836599236,
  0.31448942184618756,
  0.314698591432845,
  0.3236802683483622,
  0.333231660059623,
  0.35080173439704454,
  0.36659157415881555,
  0.3814054988064132,
  0.412167443676561,
  0.41488458619980545,
  0.42384074588802995,
  0.4559395596271325,
  0.31448942184618756
 ],
 "acc_macro_te": [
  0.37242531639801485
 ],
 "prec_macro_te": [
  0.5011182700388591
 ],
 "rec_macro_te": [
  0.6035612176583065
 ],
 "f1_macro_te": [
  0.5475896975076129
 ],
 "acc_micro_te": [
  0.38636229227038854
 ],
 "prec_micro_te": [
  0.503895102198226
 ],
 "rec_micro_te": [
  0.62355636155388
 ],
 "f1_micro_te": [
  0.5573756505417626
 ],
 "rec_at_5_te": [
  0.5239274268260762
 ],
 "prec_at_5_te": [
  0.551417004048583
 ],
 "f1_at_5_te": [
  0.5373208504075886
 ],
 "auc_macro_te": [
  0.8508694330330988
 ],
 "auc_micro_te": [
  0.8654132928355144
 ],
 "loss_test_te": [
  0.3248837864928124
 ],