{
 "acc_macro": [
  0.3706841758800918
 ],
 "prec_macro": [
  0.4978485231950366
 ],
 "rec_macro": [
  0.6071833763767589
 ],
 "f1_macro": [
  0.5471070063314594
 ],
 "acc_micro": [
  0.3864843335103558
 ],
 "prec_micro": [
  0.5017667844522968
 ],
 "rec_micro": [
  0.6271679413982548
 ],
 "f1_micro": [
  0.5575026333429091
 ],
 "rec_at_5": [
  0.5376512907121829
 ],
 "prec_at_5": [
  0.5577876668785761
 ],
 "f1_at_5": [
  0.547534405203508
 ],
 "auc_macro": [
  0.8540876588129297
 ],
 "auc_micro": [
  0.8706650433467421
 ],
 "loss_dev": [
  0.31448942184618756
 ],
 "acc_macro_te": [
  0.37242531639801485
 ],
 "prec_macro_te": [
  0.5011182700388591
 ],
 "rec_macro_te": [
  0.6035612176583065
 ],
 "f1_macro_te": [
  0.5475896975076129
 ],
 "acc_micro_te": [
  0.38636229227038854
 ],
 "prec_micro_te": [
  0.503895102198226
 ],
 "rec_micro_te": [
  0.62355636155388
 ],
 "f1_micro_te": [
  0.5573756505417626
 ],
 "rec_at_5_te": [
  0.5239274268260762
 ],
 "prec_at_5_te": [
  0.551417004048583
 ],
 "f1_at_5_te": [
  0.5373208504075886
 ],
 "auc_macro_te": [
  0.8508694330330988
 ],
 "auc_micro_te": [
  0.8654132928355144
 ],
 "loss_test_te": [
  0.3248837864928124
 ],
 "loss_tr": [
  NaN
 ]
}