{
 "acc_macro": [
  0.05581761162016927
 ],
 "prec_macro": [
  0.0777689763770929
 ],
 "rec_macro": [
  0.07619152777400785
 ],
 "f1_macro": [
  0.07697217096374481
 ],
 "acc_micro": [
  0.3725469197611844
 ],
 "prec_micro": [
  0.6085986703988804
 ],
 "rec_micro": [
  0.48993028659953525
 ],
 "f1_micro": [
  0.542854913587953
 ],
 "rec_at_8": [
  0.3883297040499964
 ],
 "prec_at_8": [
  0.7135193133047211
 ],
 "f1_at_8": [
  0.5029377698857239
 ],
 "rec_at_15": [
  0.5403551388006406
 ],
 "prec_at_15": [
  0.5582260371959943
 ],
 "f1_at_15": [
  0.5491452327817731
 ],
 "auc_macro": [
  0.9037748356245753
 ],
 "auc_micro": [
  0.9854944964403991
 ],
 "loss_dev": [
  0.005719982317498509
 ],
 "acc_macro_te": [
  0.06080926138419453
 ],
 "prec_macro_te": [
  0.09130669367906191
 ],
 "rec_macro_te": [
  0.08560224379607724
 ],
 "f1_macro_te": [
  0.08836249840262803
 ],
 "acc_micro_te": [
  0.3686106195800861
 ],
 "prec_micro_te": [
  0.6069974580999814
 ],
 "rec_micro_te": [
  0.4841591665842482
 ],
 "f1_micro_te": [
  0.5386639768923938
 ],
 "rec_at_8_te": [
  0.3726793370026004
 ],
 "prec_at_8_te": [
  0.7094454329774614
 ],
 "f1_at_8_te": [
  0.48866020062813026
 ],
 "rec_at_15_te": [
  0.5256905398382664
 ],
 "prec_at_15_te": [
  0.561091340450771
 ],
 "f1_at_15_te": [
  0.542814367831925
 ],
 "auc_macro_te": [
  0.8947765274385505
 ],
 "auc_micro_te": [
  0.9855494093512379
 ],
 "loss_test_te": [
  0.005905798940775996
 ],
 "loss_tr": [
  NaN
 ]
}