{
 "acc_macro": [
  0.4262627747283452
 ],
 "prec_macro": [
  0.6488251433103287
 ],
 "rec_macro": [
  0.5280207430744978
 ],
 "f1_macro": [
  0.5822225972995582
 ],
 "acc_micro": [
  0.46742529534398886
 ],
 "prec_micro": [
  0.707095926412615
 ],
 "rec_micro": [
  0.5796617472799741
 ],
 "f1_micro": [
  0.6370686082992956
 ],
 "rec_at_5": [
  0.6133056990663781
 ],
 "prec_at_5": [
  0.6170375079465988
 ],
 "f1_at_5": [
  0.6151659439484728
 ],
 "auc_macro": [
  0.8984661860322238
 ],
 "auc_micro": [
  0.922870020497338
 ],
 "loss_dev": [
  0.21657746622560325
 ],
 "acc_macro_te": [
  0.41864699754810464
 ],
 "prec_macro_te": [
  0.6414553625608574
 ],
 "rec_macro_te": [
  0.5190312320033175
 ],
 "f1_macro_te": [
  0.5737858044454734
 ],
 "acc_micro_te": [
  0.4635103926096998
 ],
 "prec_micro_te": [
  0.7055308179048512
 ],
 "rec_micro_te": [
  0.5746874105182781
 ],
 "f1_micro_te": [
  0.6334227552469622
 ],
 "rec_at_5_te": [
  0.59673856136832
 ],
 "prec_at_5_te": [
  0.6210526315789473
 ],
 "f1_at_5_te": [
  0.6086528725922199
 ],
 "auc_macro_te": [
  0.894309558584337
 ],
 "auc_micro_te": [
  0.9219365772356387
 ],
 "loss_test_te": [
  0.2209998368468198
 ],
 "loss_tr": [
  NaN
 ]
}